000001,2021/2/1 9:23
000002,2021/2/1 10:03
000003,2021/2/1 10:13
000004,2021/2/1 10:20
000005,2021/2/1 10:40
000006,2021/2/1 10:45
000007,2021/2/1 11:21
000008,2021/2/1 13:10
000009,2021/2/1 13:25
000010,2021/2/1 13:50
000011,2021/2/1 14:20
000012,2021/2/1 14:25
000013,2021/2/1 15:10
000014,2021/2/1 15:25
000015,2021/2/1 16:21
000016,2021/2/1 16:48
000017,2021/2/1 16:50
000018,2021/2/1 17:10
000019,2021/2/1 17:40
000020,2021/2/2 9:23
000021,2021/2/2 10:03
000022,2021/2/2 10:13
000023,2021/2/2 10:20
000024,2021/2/2 10:40
000025,2021/2/2 10:45
000026,2021/2/2 11:21
000027,2021/2/2 13:10
000028,2021/2/2 13:25
000029,2021/2/2 13:50
000030,2021/2/2 14:20
000031,2021/2/2 14:25
000032,2021/2/2 15:10
000033,2021/2/2 15:25
000034,2021/2/2 16:21
000035,2021/2/2 16:48
000036,2021/2/2 16:50
000037,2021/2/2 17:10
000038,2021/2/2 17:40
000039,2021/2/3 9:23
000040,2021/2/3 10:03
000041,2021/2/3 10:13
000042,2021/2/3 10:20
000043,2021/2/3 10:40
000044,2021/2/3 10:45
000045,2021/2/3 11:21
000046,2021/2/3 13:10
000047,2021/2/3 13:25
000048,2021/2/3 13:50
000049,2021/2/3 14:20
000050,2021/2/3 14:25
000051,2021/2/3 15:10
000052,2021/2/3 15:25
000053,2021/2/3 16:21
000054,2021/2/3 16:48
000055,2021/2/3 16:50
000056,2021/2/3 17:10
000057,2021/2/3 17:40
000058,2021/2/4 9:23
000059,2021/2/4 10:03
000060,2021/2/4 10:13
000061,2021/2/4 10:20
000062,2021/2/4 10:40
000063,2021/2/4 10:45
000064,2021/2/4 11:21
000065,2021/2/4 13:10
000066,2021/2/4 13:25
000067,2021/2/4 13:50
000068,2021/2/4 14:20
000069,2021/2/4 14:25
000070,2021/2/4 15:10
000071,2021/2/4 15:25
000072,2021/2/4 16:21
000073,2021/2/4 16:48
000074,2021/2/4 16:50
000075,2021/2/4 17:10
000076,2021/2/4 17:40
000077,2021/2/5 9:23
000078,2021/2/5 10:03
000079,2021/2/5 10:13
000080,2021/2/5 10:20
000081,2021/2/5 10:40
000082,2021/2/5 10:45
000083,2021/2/5 11:21
000084,2021/2/5 13:10
000085,2021/2/5 13:25
000086,2021/2/5 13:50
000087,2021/2/5 14:20
000088,2021/2/5 14:25
000089,2021/2/5 15:10
000090,2021/2/5 15:25
000091,2021/2/5 16:21
000092,2021/2/5 16:48
000093,2021/2/5 16:50
000094,2021/2/5 17:10
000095,2021/2/5 17:40
000096,2021/2/6 9:23
000097,2021/2/6 10:03
000098,2021/2/6 10:13
000099,2021/2/6 10:20
000100,2021/2/6 10:40
000101,2021/2/6 10:45
000102,2021/2/6 11:21
000103,2021/2/6 13:10
000104,2021/2/6 13:25
000105,2021/2/6 13:50
000106,2021/2/6 14:20
000107,2021/2/6 14:25
000108,2021/2/6 15:10
000109,2021/2/6 15:25
000110,2021/2/6 16:21
000111,2021/2/6 16:48
000112,2021/2/6 16:50
000113,2021/2/6 17:10
000114,2021/2/6 17:40
000115,2021/2/7 9:23
000116,2021/2/7 10:03
000117,2021/2/7 10:13
000118,2021/2/7 10:20
000119,2021/2/7 10:40
000120,2021/2/7 10:45
000121,2021/2/7 11:21
000122,2021/2/7 13:10
000123,2021/2/7 13:25
000124,2021/2/7 13:50
000125,2021/2/7 14:20
000126,2021/2/7 14:25
000127,2021/2/7 15:10
000128,2021/2/7 15:25
000129,2021/2/7 16:21
000130,2021/2/7 16:48
000131,2021/2/7 16:50
000132,2021/2/7 17:10
000133,2021/2/7 17:40
000134,2021/2/8 9:23
000135,2021/2/8 10:03
000136,2021/2/8 10:13
000137,2021/2/8 10:20
000138,2021/2/8 10:40
000139,2021/2/8 10:45
000140,2021/2/8 11:21
000141,2021/2/8 13:10
000142,2021/2/8 13:25
000143,2021/2/8 13:50
000144,2021/2/8 14:20
000145,2021/2/8 14:25
000146,2021/2/8 15:10
000147,2021/2/8 15:25
000148,2021/2/8 16:21
000149,2021/2/8 16:48
000150,2021/2/8 16:50
000151,2021/2/8 17:10
000152,2021/2/8 17:40
000153,2021/2/9 9:23
000154,2021/2/9 10:03
000155,2021/2/9 10:13
000156,2021/2/9 10:20
000157,2021/2/9 10:40
000158,2021/2/9 10:45
000159,2021/2/9 11:21
000160,2021/2/9 13:10
000161,2021/2/9 13:25
000162,2021/2/9 13:50
000163,2021/2/9 14:20
000164,2021/2/9 14:25
000165,2021/2/9 15:10
000166,2021/2/9 15:25
000167,2021/2/9 16:21
000168,2021/2/9 16:48
000169,2021/2/9 16:50
000170,2021/2/9 17:10
000171,2021/2/9 17:40
000172,2021/2/10 9:23
000173,2021/2/10 10:03
000174,2021/2/10 10:13
000175,2021/2/10 10:20
000176,2021/2/10 10:40
000177,2021/2/10 10:45
000178,2021/2/10 11:21
000179,2021/2/10 13:10
000180,2021/2/10 13:25
000181,2021/2/10 13:50
000182,2021/2/10 14:20
000183,2021/2/10 14:25
000184,2021/2/10 15:10
000185,2021/2/10 15:25
000186,2021/2/10 16:21
000187,2021/2/10 16:48
000188,2021/2/10 16:50
000189,2021/2/10 17:10
000190,2021/2/10 17:40
000191,2021/2/11 9:23
000192,2021/2/11 10:03
000193,2021/2/11 10:13
000194,2021/2/11 10:20
000195,2021/2/11 10:40
000196,2021/2/11 10:45
000197,2021/2/11 11:21
000198,2021/2/11 13:10
000199,2021/2/11 13:25
000200,2021/2/11 13:50
000201,2021/2/11 14:20
000202,2021/2/11 14:25
000203,2021/2/11 15:10
000204,2021/2/11 15:25
000205,2021/2/11 16:21
000206,2021/2/11 16:48
000207,2021/2/11 16:50
000208,2021/2/11 17:10
000209,2021/2/11 17:40
000210,2021/2/12 9:23
000211,2021/2/12 10:03
000212,2021/2/12 10:13
000213,2021/2/12 10:20
000214,2021/2/12 10:40
000215,2021/2/12 10:45
000216,2021/2/12 11:21
000217,2021/2/12 13:10
000218,2021/2/12 13:25
000219,2021/2/12 13:50
000220,2021/2/12 14:20
000221,2021/2/12 14:25
000222,2021/2/12 15:10
000223,2021/2/12 15:25
000224,2021/2/12 16:21
000225,2021/2/12 16:48
000226,2021/2/12 16:50
000227,2021/2/12 17:10
000228,2021/2/12 17:40
000229,2021/2/13 9:23
000230,2021/2/13 10:03
000231,2021/2/13 10:13
000232,2021/2/13 10:20
000233,2021/2/13 10:40
000234,2021/2/13 10:45
000235,2021/2/13 11:21
000236,2021/2/13 13:10
000237,2021/2/13 13:25
000238,2021/2/13 13:50
000239,2021/2/13 14:20
000240,2021/2/13 14:25
000241,2021/2/13 15:10
000242,2021/2/13 15:25
000243,2021/2/13 16:21
000244,2021/2/13 16:48
000245,2021/2/13 16:50
000246,2021/2/13 17:10
000247,2021/2/13 17:40
000248,2021/2/14 9:23
000249,2021/2/14 10:03
000250,2021/2/14 10:13
000251,2021/2/14 10:20
000252,2021/2/14 10:40
000253,2021/2/14 10:45
000254,2021/2/14 11:21
000255,2021/2/14 13:10
000256,2021/2/14 13:25
000257,2021/2/14 13:50
000258,2021/2/14 14:20
000259,2021/2/14 14:25
000260,2021/2/14 15:10
000261,2021/2/14 15:25
000262,2021/2/14 16:21
000263,2021/2/14 16:48
000264,2021/2/14 16:50
000265,2021/2/14 17:10
000266,2021/2/14 17:40
